<?xml version="1.0" encoding="utf-8"?>
<NamedGeometryCollection xmlns:xsd="http://www.w3.org/2001/XMLSchema" xmlns:xsi="http://www.w3.org/2001/XMLSchema-instance">
  <NamedGeometries>
    <NamedGeometry>
      <ID>0</ID>
      <Name>Polygon_1</Name>
      <GeometryWKT>POLYGON ((5105.5177645935628 1712.6645185488262, 5603.8150402345882 1717.6725313693391, 5606.319046644845 1587.4641980360057, 5105.5177645935628 1582.456185215493, 5105.5177645935628 1712.6645185488262))</GeometryWKT>
      <IsSelected>false</IsSelected>
    </NamedGeometry>
  </NamedGeometries>
</NamedGeometryCollection>